{"features[0]": 0.7151278572205474, "features[2]": 1.2204446503693533, "features[5]": 0.44712199274469655, "features[7]": 0.6279197917532239, "features[10]": 0.22077239477078128, "features[12]": 0.1080409978549378, "features[14]": 0.06500654968747001, "features[16]": 0.0711370015626011, "features[19]": 0.02542152610571926, "features[21]": 0.016594361047597907, "features[23]": 0.013471888966229315, "features[25]": 0.018179783407795604, "features[28]": 0.004410758662842856, "features[30]": 0.004323825783637485, "features[32]": 0.004568448979180205, "features[34]": 0.008909481692524117}