{"features[0]": 0.7945395635209304, "features[2]": 1.4694334022925957, "features[5]": 0.875228783806612, "features[7]": 1.0866244770901425, "features[10]": 0.5476987356992139, "features[12]": 0.3209793546029904, "features[14]": 0.1954582910003676, "features[16]": 0.16902093903555382, "features[19]": 0.055576596641358444, "features[21]": 0.034423845034114935, "features[23]": 0.030752625332363465, "features[25]": 0.03700046965977169, "features[28]": 0.01750622305933312, "features[30]": 0.01741327616017709, "features[32]": 0.01931955831072213, "features[34]": 0.02665037824715019}